timestamp,candle_start,elapsed_sec,remaining_sec,open_price,spot,diff,signal,in_window,martingale_step,stake,trade_result,session_profit
2026-10-02T12:26:27.600326,1790940300,87.6,212.4,,,0.0,WAITING,True,0,2.0,stopped,0.0
2026-10-02T12:26:27.600326,1790940300,87.6,212.4,,,0.0,WAITING,True,0,2.0,stopped,0.0
2026-10-02T12:26:28.178499,1790940300,88.2,211.8,577.53,576.53,-1.0,FALL,True,0,2.0,stopped,0.0
2026-10-02T12:26:29.197843,1790940300,89.2,210.8,577.53,576.53,-1.0,FALL,True,0,2.0,stopped,0.0
2026-10-02T12:26:30.179578,1790940300,90.2,209.8,577.53,576.47,-1.06,FALL,True,0,2.0,stopped,0.0
2026-10-02T12:26:30.182046,1790940300,90.2,209.8,577.53,576.47,-1.06,FALL,True,0,2.0,stopped,0.0
2026-10-02T12:26:31.186373,1790940300,91.2,208.8,577.53,576.47,-1.06,FALL,True,0,2.0,stopped,0.0
2026-10-02T12:26:32.124380,1790940300,92.1,207.9,577.53,576.35,-1.18,FALL,True,0,2.0,stopped,0.0
2026-10-02T12:26:33.125635,1790940300,93.1,206.9,577.53,576.35,-1.18,FALL,True,0,2.0,stopped,0.0
2026-10-02T12:26:34.115418,1790940300,94.1,205.9,577.53,576.35,-1.18,FALL,True,0,2.0,stopped,0.0
2026-10-02T12:26:34.275874,1790940300,94.3,205.7,577.53,576.34,-1.19,FALL,True,0,2.0,stopped,0.0
2026-10-02T12:26:35.286870,1790940300,95.3,204.7,577.53,576.34,-1.19,FALL,True,0,2.0,stopped,0.0
2026-10-02T12:26:36.218929,1790940300,96.2,203.8,577.53,576.56,-0.97,FALL,True,0,2.0,stopped,0.0
2026-10-02T12:26:37.219631,1790940300,97.2,202.8,577.53,576.56,-0.97,FALL,True,0,2.0,stopped,0.0
2026-10-02T12:26:38.118326,1790940300,98.1,201.9,577.53,576.45,-1.08,FALL,True,0,2.0,stopped,0.0
2026-10-02T12:26:39.122254,1790940300,99.1,200.9,577.53,576.45,-1.08,FALL,True,0,2.0,stopped,0.0
2026-10-02T12:26:40.108842,1790940300,100.1,199.9,577.53,576.67,-0.86,FALL,True,0,2.0,stopped,0.0
2026-10-02T12:26:40.112788,1790940300,100.1,199.9,577.53,576.67,-0.86,FALL,True,0,2.0,stopped,0.0
2026-10-02T12:26:41.134657,1790940300,101.1,198.9,577.53,576.67,-0.86,FALL,True,0,2.0,stopped,0.0
2026-10-02T12:26:42.149220,1790940300,102.1,197.9,577.53,576.67,-0.86,FALL,True,0,2.0,stopped,0.0
2026-10-02T12:26:42.158621,1790940300,102.2,197.8,577.53,576.94,-0.59,FALL,True,0,2.0,stopped,0.0
2026-10-02T12:26:43.169556,1790940300,103.2,196.8,577.53,576.94,-0.59,FALL,True,0,2.0,stopped,0.0
2026-10-02T12:26:44.176000,1790940300,104.2,195.8,577.53,576.94,-0.59,FALL,True,0,2.0,stopped,0.0
2026-10-02T12:26:44.237457,1790940300,104.2,195.8,577.53,577.02,-0.51,FALL,True,0,2.0,stopped,0.0
2026-10-02T12:26:45.259632,1790940300,105.3,194.7,577.53,577.02,-0.51,FALL,True,0,2.0,stopped,0.0
2026-10-02T12:26:46.151687,1790940300,106.2,193.8,577.53,577.07,-0.46,FALL,True,0,2.0,stopped,0.0
2026-10-02T12:26:47.160389,1790940300,107.2,192.8,577.53,577.07,-0.46,FALL,True,0,2.0,stopped,0.0
2026-10-02T12:26:48.081429,1790940300,108.1,191.9,577.53,577.04,-0.49,FALL,True,0,2.0,stopped,0.0
2026-10-02T12:26:49.109006,1790940300,109.1,190.9,577.53,577.04,-0.49,FALL,True,0,2.0,stopped,0.0
2026-10-02T12:26:50.105560,1790940300,110.1,189.9,577.53,577.04,-0.49,FALL,True,0,2.0,stopped,0.0
